{"count":1,"self":1045.7849856,"total":3596.9326885,"children":{"InitializeActuators":{"count":16,"self":0.00099669999999999989,"total":0.00099669999999999989,"children":null},"InitializeSensors":{"count":16,"self":0.0010276999999999999,"total":0.0010276999999999999,"children":null},"AgentSendState":{"count":768884,"self":36.2718688,"total":470.9443937,"children":{"CollectObservations":{"count":4100928,"self":11.970723999999999,"total":11.970724299999999,"children":null},"CollectDiscreteActionMasks":{"count":4100928,"self":4.6362076,"total":4.6362076,"children":null},"RequestDecision":{"count":4100928,"self":18.3467248,"total":418.0655935,"children":{"AgentInfo.ToProto":{"count":4100928,"self":13.1843264,"total":399.7188687,"children":{"GenerateSensorData":{"count":4100928,"self":42.0679008,"total":386.5345422,"children":{"RayPerceptionSensor.Perceive":{"count":4100928,"self":344.4666368,"total":344.4666402,"children":null}}}}}}}}},"DecideAction":{"count":768884,"self":2056.823808,"total":2056.8238911999997,"children":null},"AgentAct":{"count":768884,"self":22.8613488,"total":23.040875699999997,"children":{"AgentInfo.ToProto":{"count":1546,"self":0.0049572,"total":0.17952749999999998,"children":{"GenerateSensorData":{"count":1546,"self":0.0079484,"total":0.17457029999999998,"children":{"RayPerceptionSensor.Perceive":{"count":1546,"self":0.1666219,"total":0.1666219,"children":null}}}}}}},"AgentInfo.ToProto":{"count":2361,"self":0.0238852,"total":0.3354707,"children":{"GenerateSensorData":{"count":2361,"self":0.036703099999999995,"total":0.31158549999999996,"children":{"RayPerceptionSensor.Perceive":{"count":2361,"self":0.27488239999999997,"total":0.27488239999999997,"children":null}}}}}},"gauges":{"TankAgent.CumulativeReward":{"count":3907,"max":3525.93213,"min":-981.050537,"runningAverage":414.589081,"value":2505.79175,"weightedAverage":1358.73315}},"metadata":{"timer_format_version":"0.1.0","start_time_seconds":"1601889850","unity_version":"2020.1.6f1","command_line_arguments":"C:\\Program Files\\Unity\\Hub\\Editor\\2020.1.6f1\\Editor\\Unity.exe -projectpath D:\/Projects\/ML_Experiments -useHub -hubIPC -cloudEnvironment production -hubSessionId 498cf880-065e-11eb-95b5-37565119191c -accessToken tQ9hRLaj6LyuU0rfGek2KE4Plgm0uWOMH_ivcGO0u7M011f","communication_protocol_version":"1.1.0","com.unity.ml-agents_version":"1.4.0-preview","scene_name":"Tank_Battle","end_time_seconds":"1601893447"}}